VI0001,ABRONAMOUE,SP156,5277,,,,,,,,,
VI0002,ADAMAKRO,SP156,5278,,,,,,,,,
VI0003,AFFALIKRO,SP24,5279,,,,,,,,,
VI0004,NIABLE,SP24,5280,,,,,,,,,
VI0005,AMELEKIA,SP24,5281,,,,,,,,,
VI0006,AMIENKOUASSIKRO,SP26,5282,,,,,,,,,
VI0007,ANIASSUE,SP26,5283,,,,,,,,,
VI0008,ABENGOUROU,SP03,5284,,,,,,,,,
VI0009,APPOISSO,SP03,5285,,,,,,,,,
VI0010,APPROMPRONOU,SP03,5286,,,,,,,,,
VI0011,ASSAKRO,SP26,5287,,,,,,,,,
VI0012,BOSSOMATCHE,SP03,5288,,,,,,,,,
VI0013,CAMPEMENT AKUA,SP26,5289,,,,,,,,,
VI0014,EHOUSSOUKRO,SP156,5290,,,,,,,,,
VI0015,DIANGOBO,SP156,5291,,,,,,,,,
VI0016,DJAMBROUKRO,SP03,5292,,,,,,,,,
VI0017,DRAMANEKRO,SP03,5293,,,,,,,,,
VI0018,EBOUASSUE,SP03,5294,,,,,,,,,
VI0019,KODJINA,SP03,5295,,,,,,,,,
VI0020,KOHOUN,SP03,5296,,,,,,,,,
VI0021,KOITIENKRO,SP24,5297,,,,,,,,,
VI0022,KOUMOUEKRO,SP156,5298,,,,,,,,,
VI0023,LADJIKOGOSSO,SP03,5299,,,,,,,,,
VI0024,ZOUHOUNOU,SP156,5300,,,,,,,,,
VI0025,NDRIKRO,SP03,5301,,,,,,,,,
VI0026,CAMPEMENT MATHIEU,SP156,5302,,,,,,,,,
VI0027,PADIEGNAN,SP207,5303,,,,,,,,,
VI0028,SATIKRAN,SP26,5304,,,,,,,,,
VI0029,YAKASSE-FEYASSE,SP207,5305,,,,,,,,,
VI0030,ZAMAKA,SP207,5306,,,,,,,,,
VI0031,ASSIKASSO,SP17,5307,,,,,,,,,
VI0032,DAME,SP17,5308,,,,,,,,,
VI0033,MANZANOUAN,SP17,5309,,,,,,,,,
VI0034,NIANDA,SP17,5310,,,,,,,,,
VI0035,APPROMPRON AFFEWA,SP44,5311,,,,,,,,,
VI0036,AKREBI,SP44,5312,,,,,,,,,
VI0037,BETTIE,SP44,5313,,,,,,,,,
VI0038,NZIKRO,SP44,5314,,,,,,,,,
VI0039,BOKAKOKORE,SP44,5315,,,,,,,,,
VI0040,NDAKRO,SP44,5316,,,,,,,,,
VI0041,DIAMARAKRO,SP73,5317,,,,,,,,,
VI0042,EBILASSOKRO,SP85,5318,,,,,,,,,
VI0043,TANKESSE,SP134,5319,,,,,,,,,
VI0044,KOUN-FAO,SP134,5320,,,,,,,,,
VI0045,YAOKRO,SP192,5321,,,,,,,,,
VI0046,TRANSUA,SP191,5322,,,,,,,,,
VI0047,ASSUATIFING,SP204,5323,,,,,,,,,
VI0048,ANYAMA ,SP27,5324,,,,,,,,,
VI0049,BEBAKOI,SP61,5325,,,,,,,,,
VI0050,KONGOFON,SP61,5326,,,,,,,,,
VI0051,MBRAGO 2,SP187,5327,,,,,,,,,
VI0052,MESSOUKRO,SP187,5328,,,,,,,,,
VI0053,YAPOKOI,SP27,5329,,,,,,,,,
VI0054,AKAKRO,SP23,5330,,,,,,,,,
VI0055,ALEPE ,SP22,5331,,,,,,,,,
VI0056,MONGA GRAVIER,SP22,5332,,,,,,,,,
VI0057,AMANKRO,SP23,5333,,,,,,,,,
VI0058,ANOKRO,SP23,5334,,,,,,,,,
VI0059,AVENUE CARREFOUR,SP06,5335,,,,,,,,,
VI0060,CAMPEMENT EBIKRO,SP23,5336,,,,,,,,,
VI0061,DADJIKOI,SP69,5337,,,,,,,,,
VI0062,MONGA,SP22,5338,,,,,,,,,
VI0063,NGOKRO,SP158,5339,,,,,,,,,
VI0064,ADJOUKROU CAMPEMENT,SP203,5340,,,,,,,,,
VI0065,BAOULESSO,SP203,5341,,,,,,,,,
VI0066,CAMPEMENT VATTA,SP141,5342,,,,,,,,,
VI0067,IROBO,SP32,5343,,,,,,,,,
VI0068,LOPOU ,SP141,5344,,,,,,,,,
VI0069,BINEKRO,SP103,5345,,,,,,,,,
VI0070,DJIDJIKRO,SP103,5346,,,,,,,,,
VI0071,DOKPODON,SP86,5347,,,,,,,,,
VI0072,KARTIEKPLI,SP103,5348,,,,,,,,,
VI0073,KROKROM,SP86,5349,,,,,,,,,
VI0074,TAMABO SIKASSO ,SP19,5350,,,,,,,,,
VI0075,2 PALMIERS ,SP184,5351,,,,,,,,,
VI0076,ARCHANGEKRO,SP184,5352,,,,,,,,,
VI0077,PK 62,SP105,5353,,,,,,,,,
VI0078,BAKANOU A1,SP184,5354,,,,,,,,,
VI0079,BRIKISSO,SP184,5355,,,,,,,,,
VI0080,CAMPEMENT DJOMO,SP184,5356,,,,,,,,,
VI0081,GOMON ,SP105,5357,,,,,,,,,
VI0082,MATTHIEUKRO,SP105,5358,,,,,,,,,
VI0083,PK 91,SP105,5359,,,,,,,,,
VI0084,SAHUYE,SP105,5360,,,,,,,,,
VI0085,SOUKOUKRO,SP184,5361,,,,,,,,,
VI0086,SATMACI,SP143,5362,,,,,,,,,
VI0087,ABOUSSUE,SP05,5363,,,,,,,,,
VI0088,ADJOUAN,SP13,5364,,,,,,,,,
VI0089,AGNANSUE,SP143,5365,,,,,,,,,
VI0090,AKRESSI,SP34,5366,,,,,,,,,
VI0091,BAFFIA,SP143,5367,,,,,,,,,
VI0092,BODJONOU,SP143,5368,,,,,,,,,
VI0093,ROUTE DIBY,SP34,5369,,,,,,,,,
VI0094,DIBY,SP143,5370,,,,,,,,,
VI0095,DOUGNINIKRO,SP05,5371,,,,,,,,,
VI0096,EBAKRO,SP05,5372,,,,,,,,,
VI0097,EBOUE,SP05,5373,,,,,,,,,
VI0098,EHIA,SP05,5374,,,,,,,,,
VI0099,EHOLIE,SP05,5375,,,,,,,,,
VI0100,GNAMIENKRO ,SP34,5376,,,,,,,,,
VI0101,KOHOUROU,SP05,5377,,,,,,,,,
VI0102,KONGODJAN,SP34,5378,,,,,,,,,
VI0103,PISTE 3,SP34,5379,,,,,,,,,
VI0104,SANHOUKRO,SP209,5380,,,,,,,,,
VI0105,TANOH NOGBOUKRO,SP11,5381,,,,,,,,,
VI0106,TIEFFIDOUGOU,SP11,5382,,,,,,,,,
VI0107,ATTIEKOI,SP12,5383,,,,,,,,,
VI0108,GNAMPON,SP12,5384,,,,,,,,,
VI0109,PETIT- PARIS,SP12,5385,,,,,,,,,
VI0110,ADOSSO,SP59,5386,,,,,,,,,
VI0111,CAMPEMENT TEKI,SP55,5387,,,,,,,,,
VI0112,BONGO,SP55,5388,,,,,,,,,
VI0113,WOGNINKRO,SP59,5389,,,,,,,,,
VI0114,YAOU,SP59,5390,,,,,,,,,
VI0115,ALLAKRO,SP157,5391,,,,,,,,,
VI0116,DJEMISSIKRO,SP157,5392,,,,,,,,,
VI0117,DONGOKRO,SP157,5393,,,,,,,,,
VI0118,ETCHANKRO,SP157,5394,,,,,,,,,
VI0119,SAYKRO,SP157,5395,,,,,,,,,
VI0120,ADONKOI,SP18,5396,,,,,,,,,
VI0121,AGOU,SP18,5397,,,,,,,,,
VI0122,AHOUABO,SP14,5398,,,,,,,,,
VI0123,ASSIKOI,SP31,5399,,,,,,,,,
VI0124,CARREFOUR BIASSO,SP14,5400,,,,,,,,,
VI0125,CREMONE,SP14,5401,,,,,,,,,
VI0126,FOLLEREAU,SP14,5402,,,,,,,,,
VI0127,GD AKOUZIN,SP14,5403,,,,,,,,,
VI0128,GD-AKOUZIN,SP18,5404,,,,,,,,,
VI0129,MASSANDJI,SP31,5405,,,,,,,,,
VI0130,MOAPE,SP14,5406,,,,,,,,,
VI0131,AKE DOUANIER 2,SP172,5407,,,,,,,,,
VI0132,AKE DOUANIER 1,SP172,5408,,,,,,,,,
VI0133,ANANGUIE,SP172,5409,,,,,,,,,
VI0134,ANO,SP142,5410,,,,,,,,,
VI0135,AYEBE,SP161,5411,,,,,,,,,
VI0136,CECHI,SP63,5412,,,,,,,,,
VI0137,ERYMAKOUDJE,SP16,5413,,,,,,,,,
VI0138,ESSEGNON,SP09,5414,,,,,,,,,
VI0139,GBOTO,SP101,5415,,,,,,,,,
VI0140,LAOGUIE,SP101,5416,,,,,,,,,
VI0141,LOVIGUIE,SP142,5417,,,,,,,,,
VI0142,MBERIE,SP101,5418,,,,,,,,,
VI0143,OFFOUMPO,SP09,5419,,,,,,,,,
VI0144,ORESS-KROBOU,SP161,5420,,,,,,,,,
VI0145,OTTOPE,SP142,5421,,,,,,,,,
VI0146,RUBINO ,SP172,5422,,,,,,,,,
VI0147,SEGUIE,SP101,5423,,,,,,,,,
VI0148,WAHIN,SP142,5424,,,,,,,,,
VI0149,AFFERY,SP15,5425,,,,,,,,,
VI0150,AGBAOU,SP21,5426,,,,,,,,,
VI0151,ATOKPA,SP15,5427,,,,,,,,,
VI0152,BACON,SP15,5428,,,,,,,,,
VI0153,CAMPEMENT BACON ,SP15,5429,,,,,,,,,
VI0154,EFEWIN,SP15,5430,,,,,,,,,
VI0155,CARFOUR BOULANGERIE,SP15,5431,,,,,,,,,
VI0156,BECOUEFIN,SP41,5432,,,,,,,,,
VI0157,BONAHOIN ,SP41,5433,,,,,,,,,
VI0158,CARDONA,SP21,5434,,,,,,,,,
VI0159,AKOUPE,SP21,5435,,,,,,,,,
VI0160,JEANNOT,SP21,5436,,,,,,,,,
VI0161,KODJAN,SP41,5437,,,,,,,,,
VI0162,KOUAOSSIA,SP15,5438,,,,,,,,,
VI0163,SORIBADOUGOU ,SP41,5439,,,,,,,,,
VI0164,YAFFO ATTIE ,SP21,5440,,,,,,,,,
VI0165,ABONGOUA,SP07,5441,,,,,,,,,
VI0166,ABRADINE,SP206,5442,,,,,,,,,
VI0167,BIEBY 1,SP46,5443,,,,,,,,,
VI0168,BIEBY 2,SP46,5444,,,,,,,,,
VI0169,CHANTIER ,SP07,5445,,,,,,,,,
VI0170,ABONGOUA,SP130,5446,,,,,,,,,
VI0171,ARRAH,SP28,5447,,,,,,,,,
VI0172,CAMPEMENT DIABATE,SP28,5448,,,,,,,,,
VI0173,DALOSSO,SP28,5449,,,,,,,,,
VI0174,EROBO,SP136,5450,,,,,,,,,
VI0175,MIDAKRO,SP136,5451,,,,,,,,,
VI0176,KOTOBI,SP130,5452,,,,,,,,,
VI0177,KOUASSIKRO,SP136,5453,,,,,,,,,
VI0178,TANOKRO,SP28,5454,,,,,,,,,
VI0179,NZANFOUENOU,SP130,5455,,,,,,,,,
VI0180,ANEKRO,SP25,5456,,,,,,,,,
VI0181,ASSAOUFOUE,SP56,5457,,,,,,,,,
VI0182,ASSIE ASSASSO,SP30,5458,,,,,,,,,
VI0183,YOBOUESSOU,SP25,5459,,,,,,,,,
VI0184,EHUIKRO,SP56,5460,,,,,,,,,
VI0185,APIAKRO,SP155,5461,,,,,,,,,
VI0186,MBAOUCESSOU,SP155,5462,,,,,,,,,
VI0187,NDOLIKRO,SP155,5463,,,,,,,,,
VI0188,NGUINOU,SP56,5464,,,,,,,,,
VI0189,TANOSSO,SP56,5465,,,,,,,,,
VI0190,AKRINGOUA,SP71,5466,,,,,,,,,
VI0191,BEDIEKRO,SP154,5467,,,,,,,,,
VI0192,ASSOAKRO,SP71,5468,,,,,,,,,
VI0193,DAOUKRO,SP71,5469,,,,,,,,,
VI0194,NOUFOU KANGAKRO,SP71,5470,,,,,,,,,
VI0195,KOUMOE YAOKRO,SP71,5471,,,,,,,,,
VI0196,KONGOTI,SP71,5472,,,,,,,,,
VI0197,NGATTAKRO,SP154,5473,,,,,,,,,
VI0198,NGUESSANKRO,SP71,5474,,,,,,,,,
VI0199,AGNEREKOFFIKRO,SP04,5475,,,,,,,,,
VI0200,KOFFIAOUSSOUKRO,SP80,5476,,,,,,,,,
VI0201,KONGOSSOU,SP80,5477,,,,,,,,,
VI0202,POKOUKRO,SP78,5478,,,,,,,,,
VI0203,SONGASSOU,SP78,5479,,,,,,,,,
VI0204,AGNIA,SP147,5480,,,,,,,,,
VI0205,ASSALEKRO,SP147,5481,,,,,,,,,
VI0206,CAMPEMENT AFFI,SP147,5482,,,,,,,,,
VI0207,DIEKOUDIOKRO,SP147,5483,,,,,,,,,
VI0208,KOUAKRO,SP29,5484,,,,,,,,,
VI0209,MARISAKO,SP147,5485,,,,,,,,,
VI0210,AHOUNA,SP147,5486,,,,,,,,,
VI0211,NGOHINOU,SP197,5487,,,,,,,,,
VI0212,GONATE,SP106,5488,,,,,,,,,
VI0213,BANDIAHI,SP42,5489,,,,,,,,,
VI0214,BEFLA,SP42,5490,,,,,,,,,
VI0215,ZAH,SP66,5491,,,,,,,,,
VI0216,BEDIALA,SP42,5492,,,,,,,,,
VI0217,GBOGUHE,SP99,5493,,,,,,,,,
VI0218,DALOA,SP66,5494,,,,,,,,,
VI0219,DIBYKRO,SP42,5495,,,,,,,,,
VI0220,ADJAME,SP91,5496,,,,,,,,,
VI0221,GADOUAN,SP106,5497,,,,,,,,,
VI0222,LUENOUFLA,SP66,5498,,,,,,,,,
VI0223,KINDOKRO,SP66,5499,,,,,,,,,
VI0224,KONANKROKOREA,SP99,5500,,,,,,,,,
VI0225,KRIKORIA,SP99,5501,,,,,,,,,
VI0226,KOUASSI KOUASSIKRO,SP91,5502,,,,,,,,,
VI0227,LAGAZOU,SP66,5503,,,,,,,,,
VI0228,BOHOUSSOUKRO,SP42,5504,,,,,,,,,
VI0229,TCHEBLOGUHE,SP66,5505,,,,,,,,,
VI0230,ZAPLAKRO,SP91,5506,,,,,,,,,
VI0231,KPOKONANKRO,SP66,5507,,,,,,,,,
VI0232,AFOTOBO,SP120,5508,,,,,,,,,
VI0233,NELLYKRO,SP120,5509,,,,,,,,,
VI0234,AGOKRO,SP151,5510,,,,,,,,,
VI0235,BEMADI,SP121,5511,,,,,,,,,
VI0236,BITAPIA,SP121,5512,,,,,,,,,
VI0237,BOBREGUHE,SP121,5513,,,,,,,,,
VI0238,BOHOUSSOUKOUADIOKRO,SP174,5514,,,,,,,,,
VI0239,GAZIBOUO,SP193,5515,,,,,,,,,
VI0240,LOURIA,SP121,5516,,,,,,,,,
VI0241,BEREGUHE,SP120,5517,,,,,,,,,
VI0242,DALIA,SP193,5518,,,,,,,,,
VI0243,DJEKRO  NOUVEAU-QTIER,SP120,5519,,,,,,,,,
VI0244,DOHOUAN,SP121,5520,,,,,,,,,
VI0245,GNAMIENKRO,SP193,5521,,,,,,,,,
VI0246,GODOUA,SP174,5522,,,,,,,,,
VI0247,OKAKOUAKOUKRO,SP174,5523,,,,,,,,,
VI0248,GOLIHOUA,SP121,5524,,,,,,,,,
VI0249,KEREGUHE,SP151,5525,,,,,,,,,
VI0250,LABAZOUBIA,SP53,5526,,,,,,,,,
VI0251,LIGA,SP53,5527,,,,,,,,,
VI0252,LOUKOUAHIO,SP174,5528,,,,,,,,,
VI0253,SAIOUA,SP174,5529,,,,,,,,,
VI0254,PEZOUA,SP121,5530,,,,,,,,,
VI0255,SIBRIKRO,SP121,5531,,,,,,,,,
VI0256,SOKOURA RTE MADIA,SP121,5532,,,,,,,,,
VI0257,TETIA,SP121,5533,,,,,,,,,
VI0258,WANDIA KOUADIOKRO,SP121,5534,,,,,,,,,
VI0259,YAO KOFFIKRO,SP121,5535,,,,,,,,,
VI0260,ZEGA,SP174,5536,,,,,,,,,
VI0261,DASSO,SP183,5537,,,,,,,,,
VI0262,SIFIE,SP183,5538,,,,,,,,,
VI0263,BAZRA NATIS,SP38,5539,,,,,,,,,
VI0264,AKAKRO VILLAGE,SP205,5540,,,,,,,,,
VI0265,BAHIRI VILLAGE,SP205,5541,,,,,,,,,
VI0266,BAHOULIFLA,SP205,5542,,,,,,,,,
VI0267,BIENOUFLA,SP205,5543,,,,,,,,,
VI0268,GOHIZRA,SP205,5544,,,,,,,,,
VI0269,KOFFIKRO,SP205,5545,,,,,,,,,
VI0270,SEHITIFLA,SP179,5546,,,,,,,,,
VI0271,SANGAREKRO,SP205,5547,,,,,,,,,
VI0272,GUESSABO,SP112,5548,,,,,,,,,
VI0273,GREGBEU,SP109,5549,,,,,,,,,
VI0274,IBOGUHE,SP112,5550,,,,,,,,,
VI0275,KONEBOUGOU,SP109,5551,,,,,,,,,
VI0276,KPEREDI,SP79,5552,,,,,,,,,
VI0277,AHOUATI,SP79,5553,,,,,,,,,
VI0278,DIVO,SP79,5554,,,,,,,,,
VI0279,DIDOKO,SP79,5555,,,,,,,,,
VI0280,BLE,SP79,5556,,,,,,,,,
VI0281,DAGROM,SP79,5557,,,,,,,,,
VI0282,DATTA-GARO,SP79,5558,,,,,,,,,
VI0283,"GOFAGO CARR,",SP79,5559,,,,,,,,,
VI0284,GNAMA,SP79,5560,,,,,,,,,
VI0285,GNAWALILIE,SP79,5561,,,,,,,,,
VI0286,GODELILIE,SP79,5562,,,,,,,,,
VI0287,GROBIAKOKO,SP79,5563,,,,,,,,,
VI0288,GROZO,SP79,5564,,,,,,,,,
VI0289,HIRE,SP79,5565,,,,,,,,,
VI0290,KOUAMEKRO,SP79,5566,,,,,,,,,
VI0291,KPAKOSSOU,SP79,5567,,,,,,,,,
VI0292,L-PENDA,SP79,5568,,,,,,,,,
VI0293,NEBO,SP79,5569,,,,,,,,,
VI0294,OGOUDOU,SP79,5570,,,,,,,,,
VI0295,OUSSOUKOFIKRO,SP79,5571,,,,,,,,,
VI0296,DATTA,SP79,5572,,,,,,,,,
VI0297,5KM,SP79,5573,,,,,,,,,
VI0298,YEBOUEKRO,SP79,5574,,,,,,,,,
VI0299,ZEREDOU,SP79,5575,,,,,,,,,
VI0300,GUITRY,SP119,5576,,,,,,,,,
VI0301,BARADOUGOU,SP119,5577,,,,,,,,,
VI0302,BABOCON,SP119,5578,,,,,,,,,
VI0303,BOBIADOUKOU,SP119,5579,,,,,,,,,
VI0304,GAWADOUGOU,SP119,5580,,,,,,,,,
VI0305,HERMANKONO-DIES,SP119,5581,,,,,,,,,
VI0306,KOUTA1,SP119,5582,,,,,,,,,
VI0307,GAGOUE,SP137,5583,,,,,,,,,
VI0308,BOBOLILIE,SP137,5584,,,,,,,,,
VI0309,DJATOLILIE,SP137,5585,,,,,,,,,
VI0310,DJEKOLILIE,SP137,5586,,,,,,,,,
VI0311,GOBOUE,SP104,5587,,,,,,,,,
VI0312,GOGNE,SP137,5588,,,,,,,,,
VI0313,GOGOKO,SP217,5589,,,,,,,,,
VI0314,GUIGUIEDOU,SP159,5590,,,,,,,,,
VI0315,NASSALILIE,SP217,5591,,,,,,,,,
VI0316,NEKO-TIEGBA,SP152,5592,,,,,,,,,
VI0317,OLIZEREBOUE,SP137,5593,,,,,,,,,
VI0318,Site LAKOTA AD 1,SP137,5594,,,,,,,,,
VI0319,Site LAKOTA AD 2,SP137,5595,,,,,,,,,
VI0320,GNEMELILIE,SP137,5596,,,,,,,,,
VI0321,WAGALILIE,SP137,5597,,,,,,,,,
VI0322,ZIKISSO,SP217,5598,,,,,,,,,
VI0323,ZOKOLILIE,SP137,5599,,,,,,,,,
VI0324,TAABO-CITE,SP189,5600,,,,,,,,,
VI0325,LELEBLE,SP189,5601,,,,,,,,,
VI0326,NDENOU,SP189,5602,,,,,,,,,
VI0327,TAABO-VILAGE,SP189,5603,,,,,,,,,
VI0328,KOTIESSOU,SP189,5604,,,,,,,,,
VI0329,AMANI-MENOU,SP195,5605,,,,,,,,,
VI0330,KOUADIOKRO,SP195,5606,,,,,,,,,
VI0331,BODO,SP195,5607,,,,,,,,,
VI0332,BOSSOUE,SP195,5608,,,,,,,,,
VI0333,DENISKRO,SP195,5609,,,,,,,,,
VI0334,GNONSONBLY,SP195,5610,,,,,,,,,
VI0335,GUEHIBLY,SP195,5611,,,,,,,,,
VI0336,ROUTE AHUA NDOUCI,SP195,5612,,,,,,,,,
VI0337,GOHOUO GLOPLOU,SP36,5613,,,,,,,,,
VI0338,GUANZON GOHOUO,SP36,5614,,,,,,,,,
VI0339,GRAND PIN,SP36,5615,,,,,,,,,
VI0340,BANGOLO LOGOUALE,SP36,5616,,,,,,,,,
VI0341,TIEHIGNINI,SP36,5617,,,,,,,,,
VI0342,BLENIMINHOUIN,SP50,5618,,,,,,,,,
VI0343,DOUEPKE,SP77,5619,,,,,,,,,
VI0344,DIEOUZON,SP77,5620,,,,,,,,,
VI0345,TEADY  GUEHIEBLY,SP123,5621,,,,,,,,,
VI0346,KAHEN 3CARREFOUR,SP123,5622,,,,,,,,,
VI0347,KAHEN,SP123,5623,,,,,,,,,
VI0348,TEADY,SP123,5624,,,,,,,,,
VI0349,BEOUA,SP216,5625,,,,,,,,,
VI0350,LOGOUALE ZOU APRES GOZON,SP219,5626,,,,,,,,,
VI0351,ZOU  PINHOU,SP219,5627,,,,,,,,,
VI0352,TOMAPLEU,SP219,5628,,,,,,,,,
VI0353,BAPLEU,SP51,5629,,,,,,,,,
VI0354,BLOLEQUIN TINHOU,SP51,5630,,,,,,,,,
VI0355,GUEYA MEHKRO,SP51,5631,,,,,,,,,
VI0356,AVANT GUEYA BLOLEQUIN,SP51,5632,,,,,,,,,
VI0357,BLOLEQUIN MEDIBLY,SP51,5633,,,,,,,,,
VI0358,TINHOU PEHE,SP198,5634,,,,,,,,,
VI0359,THANRY IFA,SP215,5635,,,,,,,,,
VI0360,YOBOUEKRO ,SP35,5636,,,,,,,,,
VI0361,DAHABLY,SP35,5637,,,,,,,,,
VI0362,NIDROU TABLY,SP35,5638,,,,,,,,,
VI0363,BAGOHOUO NIDROU PONAN,SP35,5639,,,,,,,,,
VI0364,NIDROU  V14,SP35,5640,,,,,,,,,
VI0365,AVANT BAGOHOUO,SP35,5641,,,,,,,,,
VI0366,LOKOSSO ADAMAKRO,SP84,5642,,,,,,,,,
VI0367,LOKOSSO,SP84,5643,,,,,,,,,
VI0368,AVANT PINHOU,SP84,5644,,,,,,,,,
VI0369,DAOBLY,SP84,5645,,,,,,,,,
VI0370,GASPARDKRO,SP84,5646,,,,,,,,,
VI0371,CBAF3,SP84,5647,,,,,,,,,
VI0372,CBAF2,SP84,5648,,,,,,,,,
VI0373,CBAF1,SP84,5649,,,,,,,,,
VI0374,FENGOLO CHANTIER,SP84,5650,,,,,,,,,
VI0375,DUEKOUE BOHOSSOUKRO,SP84,5651,,,,,,,,,
VI0376,GUITROZON APRES CORRIDOR,SP84,5652,,,,,,,,,
VI0377,NIAMBLY,SP84,5653,,,,,,,,,
VI0378,BLODY,SP84,5654,,,,,,,,,
VI0379,AVANT BLODY,SP84,5655,,,,,,,,,
VI0380,BLODY BELLE  VILLE,SP84,5656,,,,,,,,,
VI0381,DUEKOUE GÔHDEKRO,SP84,5657,,,,,,,,,
VI0382,REMIKRO,SP84,5658,,,,,,,,,
VI0383,DIBOBLY V14,SP84,5659,,,,,,,,,
VI0384,SCERIE BELEHOUIN,SP84,5660,,,,,,,,,
VI0385,LOKOSSO AMANIKRO,SP84,5661,,,,,,,,,
VI0386,LOUKOUKRO V14,SP84,5662,,,,,,,,,
VI0387,GBAPLEU,SP97,5663,,,,,,,,,
VI0388,FOUEGOUGOU ,SP97,5664,,,,,,,,,
VI0389,BINAO,SP97,5665,,,,,,,,,
VI0390,LAVIADOUGOU,SP97,5666,,,,,,,,,
VI0391,OUATTARADOUGOU,SP97,5667,,,,,,,,,
VI0392,PAPADOUGOU,SP97,5668,,,,,,,,,
VI0393,DJIBADOUGOU,SP97,5669,,,,,,,,,
VI0394,DIOUROUZON,SP110,5670,,,,,,,,,
VI0395,TRAWLINKRO,SP110,5671,,,,,,,,,
VI0396,AMEDEKRO,SP110,5672,,,,,,,,,
VI0397,BANGOLO,SP110,5673,,,,,,,,,
VI0398,GUEHIEBLY,SP110,5674,,,,,,,,,
VI0399,MICHELKRO,SP110,5675,,,,,,,,,
VI0400,BAYE  SEBON,SP110,5676,,,,,,,,,
VI0401,DELOBLY  ROSEKRO,SP110,5677,,,,,,,,,
VI0402,DELOBLY,SP110,5678,,,,,,,,,
VI0403,DJAHOUIN,SP110,5679,,,,,,,,,
VI0404,GABLY NANADY,SP114,5680,,,,,,,,,
VI0405,GABLY ,SP114,5681,,,,,,,,,
VI0406,JEUNESSEKRO GABLY,SP114,5682,,,,,,,,,
VI0407,DIBOBLY JEUNESSEKRO,SP114,5683,,,,,,,,,
VI0408,DIBOBLY  DIOUALBOUGOU,SP114,5684,,,,,,,,,
VI0409,DIBOBLY,SP114,5685,,,,,,,,,
VI0410,NANADY HAMADOUKRO,SP114,5686,,,,,,,,,
VI0411,NANADY,SP114,5687,,,,,,,,,
VI0412,NANADY APRES SCIERIE,SP114,5688,,,,,,,,,
VI0413,ZEBLY,SP116,5689,,,,,,,,,
VI0414,LOBIKRO,SP116,5690,,,,,,,,,
VI0415,BEANCO,SP116,5691,,,,,,,,,
VI0416,SOUCCOURA,SP116,5692,,,,,,,,,
VI0417,GUIGLO,SP116,5693,,,,,,,,,
VI0418,SABAKRO,SP116,5694,,,,,,,,,
VI0419,ZAAGLO V16,SP116,5695,,,,,,,,,
VI0420,GOYA 2,SP116,5696,,,,,,,,,
VI0421,GBLAPLEU,SP116,5697,,,,,,,,,
VI0422,PHILBERTKRO,SP116,5698,,,,,,,,,
VI0423,GOYA 1,SP116,5699,,,,,,,,,
VI0424,YAOUDE,SP116,5700,,,,,,,,,
VI0425,KABOREKRO,SP116,5701,,,,,,,,,
VI0426,BEABLO,SP116,5702,,,,,,,,,
VI0427,KRIDI,SP212,5703,,,,,,,,,
VI0428,ZRO,SP212,5704,,,,,,,,,
VI0429,TROYA 1,SP212,5705,,,,,,,,,
VI0430,TIENKOULA,SP212,5706,,,,,,,,,
VI0431,BLOC CAFE TROYA 2,SP212,5707,,,,,,,,,
VI0432,NIOULDE,SP212,5708,,,,,,,,,
VI0433,GUIDIBAYE,SP125,5709,,,,,,,,,
VI0434,KEIBLY,SP125,5710,,,,,,,,,
VI0435,SIOUBLO OULA,SP190,5711,,,,,,,,,
VI0436,SAKRE,SP190,5712,,,,,,,,,
VI0437,PIEN OULA,SP190,5713,,,,,,,,,
VI0438,PONAN,SP190,5714,,,,,,,,,
VI0439,DIAI,SP149,5715,,,,,,,,,
VI0440,DENAN,SP170,5716,,,,,,,,,
VI0441,BAKOUBLY,SP201,5717,,,,,,,,,
VI0442,CEBLY,SP201,5718,,,,,,,,,
VI0443,KOUARHO,SP201,5719,,,,,,,,,
VI0444,ZIOMBLY,SP201,5720,,,,,,,,,
VI0445,GRIE 1,SP201,5721,,,,,,,,,
VI0446,AHIZABRE,SP92,5722,,,,,,,,,
VI0447,GALEBRE ANTENNE,SP93,5723,,,,,,,,,
VI0448,BALAYO,SP37,5724,,,,,,,,,
VI0449,BARTHELEMIKRO,SP37,5725,,,,,,,,,
VI0450,BASSEHOA,SP93,5726,,,,,,,,,
VI0451,BAYOTA,SP37,5727,,,,,,,,,
VI0452,BARTHELEMYKRO,SP37,5728,,,,,,,,,
VI0453,BELAM,SP115,5729,,,,,,,,,
VI0454,BIENTOKRO,SP182,5730,,,,,,,,,
VI0455,TIPADIPA,SP92,5731,,,,,,,,,
VI0456,BOBOLOUO,SP37,5732,,,,,,,,,
VI0457,BRIHI,SP37,5733,,,,,,,,,
VI0458,SIAKAKRO,SP92,5734,,,,,,,,,
VI0459,KOBREGNOA,SP93,5735,,,,,,,,,
VI0460,DAHOPA,SP92,5736,,,,,,,,,
VI0461,GALEBRE,SP93,5737,,,,,,,,,
VI0462,DIABOUO,SP182,5738,,,,,,,,,
VI0463,DIGBENOA,SP92,5739,,,,,,,,,
VI0464,DIKOUEHIPALEGNOA,SP92,5740,,,,,,,,,
VI0465,DOROUBE,SP92,5741,,,,,,,,,
VI0466,GNALIEPA,SP115,5742,,,,,,,,,
VI0467,SERIHIO,SP115,5743,,,,,,,,,
VI0468,GRAND ZIA,SP115,5744,,,,,,,,,
VI0469,GUESSIHIO,SP167,5745,,,,,,,,,
VI0470,GUEZEM,SP115,5746,,,,,,,,,
VI0471,GUIGUIA,SP92,5747,,,,,,,,,
VI0472,INAGBEHIO,SP93,5748,,,,,,,,,
VI0473,JOACHIMKRO,SP92,5749,,,,,,,,,
VI0474,KOSSEHOA,SP115,5750,,,,,,,,,
VI0475,KPOGROBOUO,SP115,5751,,,,,,,,,
VI0476,LEBAM,SP92,5752,,,,,,,,,
VI0477,LOGOBIA,SP92,5753,,,,,,,,,
VI0478,NOAGUIHIO,SP182,5754,,,,,,,,,
VI0479,OURAGAHIO,SP167,5755,,,,,,,,,
VI0480,PAYOPA,SP92,5756,,,,,,,,,
VI0481,GUIBEROUA,SP93,5757,,,,,,,,,
VI0482,BASSI,SP115,5758,,,,,,,,,
VI0483,DJEREBOUE,SP92,5759,,,,,,,,,
VI0484,MAHEBOUA,SP115,5760,,,,,,,,,
VI0485,TCHÔKÔ,SP115,5761,,,,,,,,,
VI0486,TEHIRI,SP37,5762,,,,,,,,,
VI0487,TIETIEKOU,SP92,5763,,,,,,,,,
VI0488,TOUTOUBRE,SP182,5764,,,,,,,,,
VI0489,VALOUA,SP182,5765,,,,,,,,,
VI0490,WANEWA,SP182,5766,,,,,,,,,
VI0491,GBIGBIKOU,SP37,5767,,,,,,,,,
VI0492,ZEBIZEKOU,SP92,5768,,,,,,,,,
VI0493,ZIGBOHOURI,SP115,5769,,,,,,,,,
VI0494,ZIRIWA,SP182,5770,,,,,,,,,
VI0495,ZOKROBOUO,SP92,5771,,,,,,,,,
VI0496,AGBAKOFFIKRO,SP165,5772,,,,,,,,,
VI0497,SCIERIE JACOB,SP76,5773,,,,,,,,,
VI0498,ALLUIKO,SP76,5774,,,,,,,,,
VI0499,BADIE,SP76,5775,,,,,,,,,
VI0500,BLEANIANDA,SP199,5776,,,,,,,,,
VI0501,BOKEDA,SP199,5777,,,,,,,,,
VI0502,BONIKRO,SP165,5778,,,,,,,,,
VI0503,BOSSEVOEDA,SP199,5779,,,,,,,,,
VI0504,BROZAN,SP165,5780,,,,,,,,,
VI0505,DIEGONEFLA,SP76,5781,,,,,,,,,
VI0506,DOKA,SP165,5782,,,,,,,,,
VI0507,DOUGBAFLA,SP165,5783,,,,,,,,,
VI0508,DOUKOUYA,SP111,5784,,,,,,,,,
VI0509,EMMANUELKRO,SP165,5785,,,,,,,,,
VI0510,KONAN KOUAMEKRO,SP165,5786,,,,,,,,,
VI0511,GABIA,SP165,5787,,,,,,,,,
VI0512,GOUEDA CHANTIER,SP76,5788,,,,,,,,,
VI0513,GOTABAOULE,SP165,5789,,,,,,,,,
VI0514,GODIEKO,SP76,5790,,,,,,,,,
VI0515,LAOUDA,SP76,5791,,,,,,,,,
VI0516,OUIKAO,SP165,5792,,,,,,,,,
VI0517,ALANGBAKOFFIKRO,SP76,5793,,,,,,,,,
VI0518,AKROUFLA,SP76,5794,,,,,,,,,
VI0519,ZANGUE,SP165,5795,,,,,,,,,
VI0520,TIGORI,SP165,5796,,,,,,,,,
VI0521,BOSSOVOUEDA,SP76,5797,,,,,,,,,
VI0522,ZADI,SP199,5798,,,,,,,,,
VI0523,SINFRA,SP185,5799,,,,,,,,,
VI0524,BAZRE,SP39,5800,,,,,,,,,
VI0525,BENHUAFLA,SP185,5801,,,,,,,,,
VI0526,BINOUFLA,SP185,5802,,,,,,,,,
VI0527,FOFANAKRO,SP185,5803,,,,,,,,,
VI0528,JEAN PIERREKRO,SP185,5804,,,,,,,,,
VI0529,KATIENOU,SP185,5805,,,,,,,,,
VI0530,KOUENTINFLA,SP132,5806,,,,,,,,,
VI0531,KONANFLA,SP127,5807,,,,,,,,,
VI0532,DJAMALAKRO 1,SP127,5808,,,,,,,,,
VI0533,SANEGOURIFLA,SP127,5809,,,,,,,,,
VI0534,KONONFLA,SP127,5810,,,,,,,,,
VI0535,KOUADIOTÈKRO,SP127,5811,,,,,,,,,
VI0536,KOUAMEKRO SINFRA,SP185,5812,,,,,,,,,
VI0537,KOUROUDOUFLA,SP185,5813,,,,,,,,,
VI0538,LAHOUREFLA,SP185,5814,,,,,,,,,
VI0539,MANOUFLA,SP127,5815,,,,,,,,,
VI0540,NDOUAKRO,SP185,5816,,,,,,,,,
VI0541,OKAKRO,SP185,5817,,,,,,,,,
VI0542,PRESSEKRO,SP185,5818,,,,,,,,,
VI0543,CAMPEMENT BARADJI,SP185,5819,,,,,,,,,
VI0544,SAYETA,SP185,5820,,,,,,,,,
VI0545,TOFLA,SP185,5821,,,,,,,,,
VI0546,ZEMENEFLA,SP127,5822,,,,,,,,,
VI0547,BARATA,SP185,5823,,,,,,,,,
VI0548,KAYETA,SP127,5824,,,,,,,,,
VI0549,ZEMANAFLA,SP185,5825,,,,,,,,,
VI0550,BLAGOUIN,SP45,5826,,,,,,,,,
VI0551,DOUÉNÉ,SP100,5827,,,,,,,,,
VI0552,GBOMBELO,SP45,5828,,,,,,,,,
VI0553,GOURANÉ,SP100,5829,,,,,,,,,
VI0554,NANÉ,SP100,5830,,,,,,,,,
VI0555,BOUNTA,SP180,5831,,,,,,,,,
VI0556,KOALEU,SP144,5832,,,,,,,,,
VI0557,MAHAPLEU,SP144,5833,,,,,,,,,
VI0558,ZAMPLEU,SP68,5834,,,,,,,,,
VI0559,KANEBLY,SP181,5835,,,,,,,,,
VI0560,SANDROU,SP87,5836,,,,,,,,,
VI0561,SEMIEN-1,SP181,5837,,,,,,,,,
VI0562,SEMIEN-2,SP181,5838,,,,,,,,,
VI0563,TIESSAN,SP87,5839,,,,,,,,,
VI0564,BATIEBLY-TODROU,SP133,5840,,,,,,,,,
VI0565,GBEHIBLY,SP162,5841,,,,,,,,,
VI0566,KOULAHIRÉ,SP162,5842,,,,,,,,,
VI0567,TAOBLY,SP162,5843,,,,,,,,,
VI0568,TOTODROU,SP133,5844,,,,,,,,,
VI0569,BLOLÉ,SP145,5845,,,,,,,,,
VI0570,BOGOUINÉ,SP52,5846,,,,,,,,,
VI0571,DAKOUPLEU,SP218,5847,,,,,,,,,
VI0572,FAGNAMPLEU,SP145,5848,,,,,,,,,
VI0573,GBATONGOUIN,SP145,5849,,,,,,,,,
VI0574,GBLOALÉ,SP140,5850,,,,,,,,,
VI0575,GOTONGOUINÉ,SP175,5851,,,,,,,,,
VI0576,GOUEGOLÉ,SP52,5852,,,,,,,,,
VI0577,GOZIOGOUINÉ-2,SP140,5853,,,,,,,,,
VI0578,GUYAPLEU,SP96,5854,,,,,,,,,
VI0579,MLONGOUINÉ,SP52,5855,,,,,,,,,
VI0580,PODIAGOUINÉ,SP171,5856,,,,,,,,,
VI0581,GOTONGOUINÉ-BRUNO,SP175,5857,,,,,,,,,
VI0582,SANGOUINÉ,SP175,5858,,,,,,,,,
VI0583,TRINLEU-DIAPLEU,SP52,5859,,,,,,,,,
VI0584,TYONLEU,SP210,5860,,,,,,,,,
VI0585,YADOULÉ,SP171,5861,,,,,,,,,
VI0586,YAPLEU,SP210,5862,,,,,,,,,
VI0587,ZIOGOUINÉ,SP218,5863,,,,,,,,,
VI0588,SANTA,SP128,5864,,,,,,,,,
VI0589,WEHIPELEU,SP128,5865,,,,,,,,,
VI0590,DRABA,SP211,5866,,,,,,,,,
VI0591,GLATA,SP211,5867,,,,,,,,,
VI0592,FAMA-1,SP118,5868,,,,,,,,,
VI0593,GUINTEGUELA,SP118,5869,,,,,,,,,
VI0594,TIENFOU-2,SP118,5870,,,,,,,,,
VI0595,BIN-HOUYE,SP48,5871,,,,,,,,,
VI0596,GBOALEU,SP194,5872,,,,,,,,,
VI0597,PEPLEU,SP220,5873,,,,,,,,,
VI0598,TEAPLEU,SP194,5874,,,,,,,,,
VI0599,ZOHOUEULEU,SP194,5875,,,,,,,,,
VI0600,DAHIRI,SP89,5876,,,,,,,,,
VI0601,LELEDOU,SP89,5877,,,,,,,,,
VI0602,FRESCO,SP89,5878,,,,,,,,,
VI0603,PETIT BONDOUKOU,SP89,5879,,,,,,,,,
VI0604,PETIT JACQUEVILLE,SP89,5880,,,,,,,,,
VI0605,PK 3,SP89,5881,,,,,,,,,
VI0606,ZEGBAN,SP89,5882,,,,,,,,,
VI0607,AFRICA N°1,SP176,5883,,,,,,,,,
VI0608,BABA,SP176,5884,,,,,,,,,
VI0609,BIDAKRO,SP90,5885,,,,,,,,,
VI0610,BLAHOU,SP176,5886,,,,,,,,,
VI0611,BLAISEKRO,SP90,5887,,,,,,,,,
VI0612,BRAZAVILLE,SP90,5888,,,,,,,,,
VI0613,CAMP BETHEL,SP176,5889,,,,,,,,,
VI0614,CARREFOUR DOGBO,SP108,5890,,,,,,,,,
VI0615,CARREFOUR GOH,SP90,5891,,,,,,,,,
VI0616,DIOULABOUGOU,SP90,5892,,,,,,,,,
VI0617,GABIADJI,SP90,5893,,,,,,,,,
VI0618,GNITY CAILLOUX,SP90,5894,,,,,,,,,
VI0619,GRELEON,SP108,5895,,,,,,,,,
VI0620,KAKO,SP108,5896,,,,,,,,,
VI0621,KPAKOBO,SP90,5897,,,,,,,,,
VI0622,KREMOUE,SP176,5898,,,,,,,,,
VI0623,LAMENE,SP90,5899,,,,,,,,,
VI0624,MATHIEUKRO,SP90,5900,,,,,,,,,
VI0625,MENE CENTRE,SP90,5901,,,,,,,,,
VI0626,MONOGAGA,SP176,5902,,,,,,,,,
VI0627,NEMENE,SP176,5903,,,,,,,,,
VI0628,NONOUA,SP90,5904,,,,,,,,,
VI0629,PAULKRO 1,SP108,5905,,,,,,,,,
VI0630,PAULKRO 2,SP108,5906,,,,,,,,,
VI0631,PETIT NANDO,SP108,5907,,,,,,,,,
VI0632,PK 20 ,SP176,5908,,,,,,,,,
VI0633,PODIO,SP176,5909,,,,,,,,,
VI0634,PONT-BRIME,SP176,5910,,,,,,,,,
VI0635,TOUIH,SP90,5911,,,,,,,,,
VI0636,TOUIH KPAK,SP90,5912,,,,,,,,,
VI0637,YEOU,SP108,5913,,,,,,,,,
VI0638,BAGRE,SP178,5914,,,,,,,,,
VI0639,CAMPEMENT ZOLIE,SP178,5915,,,,,,,,,
VI0640,NIANI,SP178,5916,,,,,,,,,
VI0641,GNAGO,SP173,5917,,,,,,,,,
VI0642,LIBIKRO,SP178,5918,,,,,,,,,
VI0643,LIBREVILLE,SP139,5919,,,,,,,,,
VI0644,LOBAKUYA,SP139,5920,,,,,,,,,
VI0645,MOUSSADOUGOU,SP178,5921,,,,,,,,,
VI0646,PAULY-BROUSSE,SP178,5922,,,,,,,,,
VI0647,SAHOUA,SP139,5923,,,,,,,,,
VI0648,PONT BOLO,SP173,5924,,,,,,,,,
VI0649,COORIDOR-SASSANDRA ,SP178,5925,,,,,,,,,
VI0650,JOHNKRO,SP178,5926,,,,,,,,,
VI0651,TANOH KOUADIOKRO,SP139,5927,,,,,,,,,
VI0652,TATE-VILLE,SP139,5928,,,,,,,,,
VI0653,KARIE,SP82,5929,,,,,,,,,
VI0654,YOUKOU,SP107,5930,,,,,,,,,
VI0655,NEKA,SP107,5931,,,,,,,,,
VI0656,MAHINO,SP107,5932,,,,,,,,,
VI0657,GBAPET,SP107,5933,,,,,,,,,
VI0658,GRABO,SP107,5934,,,,,,,,,
VI0659,FÊTÊHKRO,SP107,5935,,,,,,,,,
VI0660,NIGRE,SP169,5936,,,,,,,,,
VI0661,SAO,SP169,5937,,,,,,,,,
VI0662,PARA,SP169,5938,,,,,,,,,
VI0663,COLATIER,SP169,5939,,,,,,,,,
VI0664,KRAKRO,SP169,5940,,,,,,,,,
VI0665,ALEXANDREKRO,SP62,5941,,,,,,,,,
VI0666,L.B.S,SP62,5942,,,,,,,,,
VI0667,V3,SP62,5943,,,,,,,,,
VI0668,BERTINKRO,SP62,5944,,,,,,,,,
VI0669,DAPEOUA,SP62,5945,,,,,,,,,
VI0670,GNABOYA V4,SP62,5946,,,,,,,,,
VI0671,GRIBOUO,SP62,5947,,,,,,,,,
VI0672,KEITADOUGOU,SP62,5948,,,,,,,,,
VI0673,PETIT GOA,SP62,5949,,,,,,,,,
VI0674,PETIT GOA 2,SP62,5950,,,,,,,,,
VI0675,KODAYA V5,SP62,5951,,,,,,,,,
VI0676,"KODAYA V5-3 N,P",SP62,5952,,,,,,,,,
VI0677,"KODAYA V5-4 N,P",SP62,5953,,,,,,,,,
VI0678,KODAYA-V5,SP62,5954,,,,,,,,,
VI0679,KONEDOUGOU,SP62,5955,,,,,,,,,
VI0680,LOMOKRO,SP62,5956,,,,,,,,,
VI0681,BAKARIDOUGOU,SP62,5957,,,,,,,,,
VI0682,RAPHAELKRO,SP62,5958,,,,,,,,,
VI0683,SAGBOYA V6,SP62,5959,,,,,,,,,
VI0684,TAPEGUHE,SP62,5960,,,,,,,,,
VI0685,TCHETALY VI,SP62,5961,,,,,,,,,
VI0686,TCHETALY,SP62,5962,,,,,,,,,
VI0687,TCHETALY V1,SP62,5963,,,,,,,,,
VI0688,BLETHIO,SP65,5964,,,,,,,,,
VI0689,BLOC,SP65,5965,,,,,,,,,
VI0690,BOBOUO,SP65,5966,,,,,,,,,
VI0691,DABOUHIO,SP65,5967,,,,,,,,,
VI0692,DABOUYO,SP65,5968,,,,,,,,,
VI0693,DAGBAZO,SP113,5969,,,,,,,,,
VI0694,GRAGBAZO,SP113,5970,,,,,,,,,
VI0695,SIPEFCI,SP113,5971,,,,,,,,,
VI0696,GUEYO,SP65,5972,,,,,,,,,
VI0697,ZOHOURAYO,SP65,5973,,,,,,,,,
VI0698,KONANKRO,SP113,5974,,,,,,,,,
VI0699,TASSEREKRO,SP113,5975,,,,,,,,,
VI0700,GODIAYO 2,SP113,5976,,,,,,,,,
VI0701,ZIWAYO,SP113,5977,,,,,,,,,
VI0702,ZOWAYO,SP65,5978,,,,,,,,,
VI0703,BONIFACEKRO,SP148,5979,,,,,,,,,
VI0704,CARRIERE,SP166,5980,,,,,,,,,
VI0705,GBLETIA,SP166,5981,,,,,,,,,
VI0706,DIOULABOUGOU,SP148,5982,,,,,,,,,
VI0707,BOUKARIKRO,SP148,5983,,,,,,,,,
VI0708,GALEA,SP166,5984,,,,,,,,,
VI0709,HAUT DE COTE,SP148,5985,,,,,,,,,
VI0710,GNIPI II,SP166,5986,,,,,,,,,
VI0711,KOREAGUI,SP166,5987,,,,,,,,,
VI0712,GUIRE,SP166,5988,,,,,,,,,
VI0713,KROHON,SP148,5989,,,,,,,,,
VI0714,KOAN DJOUKRO,SP166,5990,,,,,,,,,
VI0715,NORBERT CARREFOUR,SP166,5991,,,,,,,,,
VI0716,TOUADJI 2,SP166,5992,,,,,,,,,
VI0717,MEAGUI,SP148,5993,,,,,,,,,
VI0718,DJATIKRO CARREFOUR,SP148,5994,,,,,,,,,
VI0719,MOISEKRO,SP148,5995,,,,,,,,,
VI0720,OUPOYO,SP166,5996,,,,,,,,,
VI0721,OUSSENIKRO,SP148,5997,,,,,,,,,
VI0722,PETIT TIEME ,SP166,5998,,,,,,,,,
VI0723,AMANI KOUAMEKRO,SP166,5999,,,,,,,,,
VI0724,PT BONDOUKOU,SP166,6000,,,,,,,,,
VI0725,SERIGBAGAN,SP148,6001,,,,,,,,,
VI0726,TOUADJI I,SP148,6002,,,,,,,,,
VI0727,YAO CARREFOUR,SP166,6003,,,,,,,,,
VI0728,TAKORADJI,SP166,6004,,,,,,,,,
VI0729,OBROUAYA,SP188,6005,,,,,,,,,
VI0730,BAGOLEOUA,SP102,6006,,,,,,,,,
VI0731,GD ZATTRY,SP102,6007,,,,,,,,,
VI0732,BALEYO,SP188,6008,,,,,,,,,
VI0733,GBAKAYO,SP138,6009,,,,,,,,,
VI0734,GBAZOA,SP102,6010,,,,,,,,,
VI0735,KIPIRI,SP102,6011,,,,,,,,,
VI0736,PT BOUAKE,SP138,6012,,,,,,,,,
VI0737,ZAKOUA,SP102,6013,,,,,,,,,
VI0738,LOGBOAYO,SP188,6014,,,,,,,,,
VI0739,JEAN KOUASSI,SP102,6015,,,,,,,,,
VI0740,KOKO KONANKRO,SP188,6016,,,,,,,,,
VI0741,ZERGBEU,SP188,6017,,,,,,,,,
VI0742,KOZIAYO,SP138,6018,,,,,,,,,
VI0743,KPADA,SP188,6019,,,,,,,,,
VI0744,LAZOUA ,SP138,6020,,,,,,,,,
VI0745,OKROUYO,SP160,6021,,,,,,,,,
VI0746,ROA,SP102,6022,,,,,,,,,
VI0747,SERIBOUO,SP102,6023,,,,,,,,,
VI0748,ZOKOZOUA,SP102,6024,,,,,,,,,
VI0749,TCHETCHEKRO,SP102,6025,,,,,,,,,
VI0750,KOUAMEYAOKRO,SP33,6026,,,,,,,,,
VI0751,MAHOUNOU NANAFOUE,SP33,6027,,,,,,,,,
VI0752,ABOKOUAMEKRO,SP33,6028,,,,,,,,,
VI0753,LOLOBO,SP33,6029,,,,,,,,,
VI0754,KANKRETA,SP213,6030,,,,,,,,,
VI0755,LOPOUAFLA,SP60,6031,,,,,,,,,
VI0756,TENKODOGO,SP60,6032,,,,,,,,,
VI0757,ATCHAKRO,SP58,6033,,,,,,,,,
VI0758,DJAKOHOU,SP213,6034,,,,,,,,,
VI0759,BANOUFLA,SP60,6035,,,,,,,,,
VI0760,VRIVRITA,SP213,6036,,,,,,,,,
VI0761,TIBEITA,SP168,6037,,,,,,,,,
VI0762,BLANFLA,SP58,6038,,,,,,,,,
VI0763,ATTOSSE,SP60,6039,,,,,,,,,
VI0764,AKA NGUESSANKRO,SP168,6040,,,,,,,,,
VI0765,NDENOUKRO,SP60,6041,,,,,,,,,
VI0766,KAVIESSOU,SP60,6042,,,,,,,,,
VI0767,KOUDOUGOU,SP60,6043,,,,,,,,,
VI0768,BONONZIETAFLA,SP58,6044,,,,,,,,,
VI0769,GARANGO,SP60,6045,,,,,,,,,
VI0770,BOUAFLE,SP60,6046,,,,,,,,,
VI0771,ZIBLATA,SP60,6047,,,,,,,,,
VI0772,GOBAZRA,SP58,6048,,,,,,,,,
VI0773,BONON,SP58,6049,,,,,,,,,
VI0774,ZANOUFLA,SP213,6050,,,,,,,,,
VI0775,SIETINFLA,SP58,6051,,,,,,,,,
VI0776,ANGBAVIA,SP81,6052,,,,,,,,,
VI0777,KONDROBO,SP57,6053,,,,,,,,,
VI0778,TOLLAKRO,SP81,6054,,,,,,,,,
VI0779,NDAKOUASSIKRO,SP81,6055,,,,,,,,,
VI0780,YAO KOUADIOKRO,SP81,6056,,,,,,,,,
VI0781,TAFISSOU,SP81,6057,,,,,,,,,
VI0782,NGOUAMONKRO,SP81,6058,,,,,,,,,
VI0783,KIMOUKRO,SP126,6059,,,,,,,,,
VI0784,ZAHAKRO,SP202,6060,,,,,,,,,
VI0785,KADJOKRO,SP202,6061,,,,,,,,,
VI0786,KETEKRE BONIKRO,SP202,6062,,,,,,,,,
VI0787,AKOUE KOUADIOKRO,SP202,6063,,,,,,,,,
VI0788,AWAIKRO,SP126,6064,,,,,,,,,
VI0789,KOKOUMBO,SP126,6065,,,,,,,,,
VI0790,KONAN KOKOREKRO,SP202,6066,,,,,,,,,
VI0791,DIOMANDEKRO,SP208,6067,,,,,,,,,
VI0792,ZOUGOUNOU,SP208,6068,,,,,,,,,
VI0793,LOBAKRO,SP208,6069,,,,,,,,,
VI0794,ZAMBAKRO,SP208,6070,,,,,,,,,
VI0795,AKPESSEKRO,SP208,6071,,,,,,,,,
VI0796,ZAOULIKOFIKRO,SP208,6072,,,,,,,,,
VI0797,TOUMBOKRO,SP129,6073,,,,,,,,,
VI0798,TEMAKRO,SP208,6074,,,,,,,,,
VI0799,MAHOUNOU AKOUE,SP208,6075,,,,,,,,,
VI0800,DJAMALAKRO,SP208,6076,,,,,,,,,
VI0801,YOBOUEKRO,SP129,6077,,,,,,,,,
VI0802,DOUGOUNOUYAOKRO,SP208,6078,,,,,,,,,
VI0803,BOKABO,SP129,6079,,,,,,,,,
VI0804,ZAMBLEFLA,SP221,6080,,,,,,,,,
VI0805,ZIDUO,SP221,6081,,,,,,,,,
VI0806,KOUEZRA,SP214,6082,,,,,,,,,
VI0807,KOUANZRA,SP221,6083,,,,,,,,,
VI0808,MANFLA,SP221,6084,,,,,,,,,
VI0809,ZOROFLA,SP124,6085,,,,,,,,,
VI0810,GOUEHIZRA,SP124,6086,,,,,,,,,
VI0811,KANZRA,SP124,6087,,,,,,,,,
VI0812,ANUANUA,SP03,6088,,,,,,,,,
VI0813,ASSEKRO,SP03,6089,,,,,,,,,
VI0814,ASSOUMOUKRO ERA,SP03,6090,,,,,,,,,
VI0815,KIRIFI,SP03,6091,,,,,,,,,
VI0816,AGNIBILEKROU,SP17,6092,,,,,,,,,
VI0817,AKASSO,SP134,6093,,,,,,,,,
VI0818,BROUKRO,SP134,6094,,,,,,,,,
VI0819,ABROTCHI,SP22,6095,,,,,,,,,
VI0820,EBIKRO,SP23,6096,,,,,,,,,
VI0821,NZEREKOU,SP06,6097,,,,,,,,,
VI0822,GBOYO,SP203,6098,,,,,,,,,
VI0823,YOMIDJI,SP64,6099,,,,,,,,,
VI0824,DIOULAKRO,SP103,6100,,,,,,,,,
VI0825,NOUVEAU QUARTIER,SP86,6101,,,,,,,,,
VI0826,ABIEHOU TRAVAUX,SP184,6102,,,,,,,,,
VI0827,PK 96,SP105,6103,,,,,,,,,
VI0828,DJOMO ,SP184,6104,,,,,,,,,
VI0829,AYAME,SP34,6105,,,,,,,,,
VI0830,CAMPEMENT SOME,SP34,6106,,,,,,,,,
VI0831,BAKRO,SP05,6107,,,,,,,,,
VI0832,CAMPEMENT BEGNINI,SP05,6108,,,,,,,,,
VI0833,ROUTE CAFOP,SP05,6109,,,,,,,,,
VI0834,CAMPEMENT,SP34,6110,,,,,,,,,
VI0835,CAMPEMENT SANOGO MARIAM,SP34,6111,,,,,,,,,
VI0836,EPIENOU,SP05,6112,,,,,,,,,
VI0837,SANHOUMAN,SP05,6113,,,,,,,,,
VI0838,SIERIE,SP34,6114,,,,,,,,,
VI0839,ROUTE KOHIRA,SP05,6115,,,,,,,,,
VI0840,ADZOPE,SP14,6116,,,,,,,,,
VI0841,ABOUDE BOA VINCENT,SP16,6117,,,,,,,,,
VI0842,BALIMPO,SP63,6118,,,,,,,,,
VI0843,AGBOVILLE,SP172,6119,,,,,,,,,
VI0844,MOUSSAKRO,SP172,6120,,,,,,,,,
VI0845,OFFA,SP16,6121,,,,,,,,,
VI0846,AWANDJI,SP16,6122,,,,,,,,,
VI0847,ABOUDE,SP09,6123,,,,,,,,,
VI0848,DODOKOI,SP15,6124,,,,,,,,,
VI0849,AHEOUA,SP15,6125,,,,,,,,,
VI0850,BENSIA,SP21,6126,,,,,,,,,
VI0851,AGNANFOUTOU,SP07,6127,,,,,,,,,
VI0852,AHUIKOI,SP206,6128,,,,,,,,,
VI0853,CAMPEMENT CLAIR,SP206,6129,,,,,,,,,
VI0854,NANAN NDAKRO,SP28,6130,,,,,,,,,
VI0855,MBAOUYCESSOU,SP155,6131,,,,,,,,,
VI0856,NZUEKOKORE,SP155,6132,,,,,,,,,
VI0857,KOUAKOUKRO,SP71,6133,,,,,,,,,
VI0858,KOUASSI DJETEKRO,SP71,6134,,,,,,,,,
VI0859,AHOUNIASSOU,SP78,6135,,,,,,,,,
VI0860,DADIEKOUASSIKRO,SP80,6136,,,,,,,,,
VI0861,DJANGOKRO,SP80,6137,,,,,,,,,
VI0862,KACOUKRO,SP147,6138,,,,,,,,,
VI0863,MBATTO,SP147,6139,,,,,,,,,
VI0864,BEKIPREA,SP99,6140,,,,,,,,,
VI0865,BOBOUA-BAHOUAN,SP66,6141,,,,,,,,,
VI0866,CAMPEMENT-GBOGUHE,SP99,6142,,,,,,,,,
VI0867,CENT KILOKRO,SP66,6143,,,,,,,,,
VI0868,CHANT-BRA KANON,SP66,6144,,,,,,,,,
VI0869,GABOUA,SP66,6145,,,,,,,,,
VI0870,GBETITAPIA,SP66,6146,,,,,,,,,
VI0871,GBOGUHE S/PREFECTURE,SP99,6147,,,,,,,,,
VI0872,KIBOUO,SP99,6148,,,,,,,,,
VI0873,KOTOKRO-CAMPEMENT,SP106,6149,,,,,,,,,
VI0874,LOBOGUIGUIA,SP99,6150,,,,,,,,,
VI0875,LUENOUFLA ,SP42,6151,,,,,,,,,
VI0876,MADOGUHE,SP66,6152,,,,,,,,,
VI0877,RTE-LUENOUFLA,SP42,6153,,,,,,,,,
VI0878,SIKABOUTOU-PKÊLÊSSOU,SP66,6154,,,,,,,,,
VI0879,TIEBADOUGOU,SP106,6155,,,,,,,,,
VI0880,WANDAGUHE ,SP66,6156,,,,,,,,,
VI0881,ZAHIA-BLOC,SP99,6157,,,,,,,,,
VI0882,DIASSA-BOHOUSSOKRO,SP151,6158,,,,,,,,,
VI0883,GABIA VILLAGE ,SP174,6159,,,,,,,,,
VI0884,GUEFRA ,SP53,6160,,,,,,,,,
VI0885,KOREBO-RTE KOUADIOKRO,SP174,6161,,,,,,,,,
VI0886,KOREKIPREA,SP121,6162,,,,,,,,,
VI0887,OUANDIA SERIA ,SP121,6163,,,,,,,,,
VI0888,WAHABIA,SP53,6164,,,,,,,,,
VI0889,ALBERT- CARREFOUR,SP70,6165,,,,,,,,,
VI0890,BAGOURI ,SP70,6166,,,,,,,,,
VI0891,BONOUFLA,SP205,6167,,,,,,,,,
VI0892,DJARABANAN,SP70,6168,,,,,,,,,
VI0893,FALAKRO,SP70,6169,,,,,,,,,
VI0894,MONOKO-ZOHI,SP70,6170,,,,,,,,,
VI0895,PELEZI,SP70,6171,,,,,,,,,
VI0896,YAMOUSSOUKRO,SP70,6172,,,,,,,,,
VI0897,ZOUKOUBOUE ,SP70,6173,,,,,,,,,
VI0898,CPC-RTE BELLEVILLE,SP109,6174,,,,,,,,,
VI0899,DAHOUNGBEU,SP109,6175,,,,,,,,,
VI0900,DEBO,SP109,6176,,,,,,,,,
VI0901,GREGBEU VILLAGE ,SP109,6177,,,,,,,,,
VI0902,RTE BELLEVILLE- GERMAINKRO,SP109,6178,,,,,,,,,
VI0903,KAGBE,SP122,6179,,,,,,,,,
VI0904,PETIT BOUAKE,SP75,6180,,,,,,,,,
VI0905,TITERE,SP137,6181,,,,,,,,,
VI0906,GUILEHIRY,SP117,6182,,,,,,,,,
VI0907,GNAGAGNASSO,SP195,6183,,,,,,,,,
VI0908,APRES PLOHOUIN,SP36,6184,,,,,,,,,
VI0909,DIEOUROUZON 1,SP36,6185,,,,,,,,,
VI0910,DIEOUROUZON 2,SP36,6186,,,,,,,,,
VI0911,RTE DIEOUROUZON,SP36,6187,,,,,,,,,
VI0912,RTE GANZON,SP36,6188,,,,,,,,,
VI0913,RTE KAHEN PINHOU,SP36,6189,,,,,,,,,
VI0914,RTE LOGOUALE,SP36,6190,,,,,,,,,
VI0915,RTE TEADY,SP36,6191,,,,,,,,,
VI0916,RTE ZEO,SP36,6192,,,,,,,,,
VI0917,ZIANDRO ZIBO,SP36,6193,,,,,,,,,
VI0918,AVANT ZIGLO,SP51,6194,,,,,,,,,
VI0919,DOKE 1,SP51,6195,,,,,,,,,
VI0920,RTE AVIATION,SP51,6196,,,,,,,,,
VI0921,RTE BAPLEU 1,SP51,6197,,,,,,,,,
VI0922,RTE BAPLEU 2,SP51,6198,,,,,,,,,
VI0923,APRES ADAMAKRO,SP84,6199,,,,,,,,,
VI0924,APRES BAOUBLY,SP84,6200,,,,,,,,,
VI0925,AVANT BINAO,SP84,6201,,,,,,,,,
VI0926,AVANT LOKOSSO,SP84,6202,,,,,,,,,
VI0927,AVANT THANRY,SP84,6203,,,,,,,,,
VI0928,BLOC BOHOSSOUKRO,SP84,6204,,,,,,,,,
VI0929,CBAF,SP84,6205,,,,,,,,,
VI0930,DOUMBIADOUGOU,SP84,6206,,,,,,,,,
VI0931,KOUADIOKRO 1,SP84,6207,,,,,,,,,
VI0932,KRANZADOUGOU,SP84,6208,,,,,,,,,
VI0933,LOKOSSO RTE ADAMAKRO,SP84,6209,,,,,,,,,
VI0934,MAHOBLY,SP84,6210,,,,,,,,,
VI0935,RTE BAGOHOUO,SP84,6211,,,,,,,,,
VI0936,RTE BANGOLO,SP84,6212,,,,,,,,,
VI0937,RTE BAYE OUATTARADOUGOU,SP84,6213,,,,,,,,,
VI0938,RTE BLENIMINHOUIN,SP84,6214,,,,,,,,,
VI0939,RTE DIOULABOUGOU,SP84,6215,,,,,,,,,
VI0940,RTE FLEUVE 1,SP84,6216,,,,,,,,,
VI0941,RTE FLEUVE 2,SP84,6217,,,,,,,,,
VI0942,RTE FOUEDOUGOU,SP84,6218,,,,,,,,,
VI0943,RTE GABLLY,SP84,6219,,,,,,,,,
VI0944,RTE GUEZON,SP84,6220,,,,,,,,,
VI0945,RTE OUATTARADOUGOU,SP84,6221,,,,,,,,,
VI0946,RTE V 14 ,SP84,6222,,,,,,,,,
VI0947,AVANT V16,SP116,6223,,,,,,,,,
VI0948,CARREFOUR MANNOI,SP116,6224,,,,,,,,,
VI0949,DJIMINIKRO,SP116,6225,,,,,,,,,
VI0950,KRIDI KONATEKRO,SP116,6226,,,,,,,,,
VI0951,RTE BEABLO,SP116,6227,,,,,,,,,
VI0952,RTE GBLAPLEU,SP116,6228,,,,,,,,,
VI0953,RTE PHILBERTKRO 2,SP116,6229,,,,,,,,,
VI0954,RTE SOUCCOURA,SP116,6230,,,,,,,,,
VI0955,RTE V15,SP116,6231,,,,,,,,,
VI0956,RTE V16,SP116,6232,,,,,,,,,
VI0957,RTE V16 - 1,SP116,6233,,,,,,,,,
VI0958,RTE ZAGNE 1,SP116,6234,,,,,,,,,
VI0959,RTE ZAGNE 2,SP116,6235,,,,,,,,,
VI0960,TROYA 2,SP116,6236,,,,,,,,,
VI0961,V15 ZRO,SP116,6237,,,,,,,,,
VI0962,ZAGNE,SP116,6238,,,,,,,,,
VI0963,KEHIEBLY,SP190,6239,,,,,,,,,
VI0964,RTE BRUNOKRO,SP190,6240,,,,,,,,,
VI0965,RTE DAOBLY LIBERIA,SP190,6241,,,,,,,,,
VI0966,RTE KEHIEBLY,SP190,6242,,,,,,,,,
VI0967,RTE PIEN OULA,SP190,6243,,,,,,,,,
VI0968,RTE TAÏ SAKRE,SP190,6244,,,,,,,,,
VI0969,KLAON,SP201,6245,,,,,,,,,
VI0970,RTE KOUYABLI,SP201,6246,,,,,,,,,
VI0971,RTE TINHOU,SP201,6247,,,,,,,,,
VI0972,TAÏBLY,SP201,6248,,,,,,,,,
VI0973,TIOBLY PEKAN,SP201,6249,,,,,,,,,
VI0974,BOBIA,SP92,6250,,,,,,,,,
VI0975,BOGNOA,SP92,6251,,,,,,,,,
VI0976,CIB,SP92,6252,,,,,,,,,
VI0977,KPOBROBOUO,SP115,6253,,,,,,,,,
VI0978,MAGUEHIO,SP92,6254,,,,,,,,,
VI0979,SPROA,SP92,6255,,,,,,,,,
VI0980,JESUSKRO,SP76,6256,,,,,,,,,
VI0981,ALLUIKRO,SP76,6257,,,,,,,,,
VI0982,TIEGBA,SP76,6258,,,,,,,,,
VI0983,CAMPEMENT SODRA,SP185,6259,,,,,,,,,
VI0984,BAFINGDALA,SP45,6260,,,,,,,,,
VI0985,BIANKOUMA,SP45,6261,,,,,,,,,
VI0986,BLAPLEU,SP49,6262,,,,,,,,,
VI0987,DINGOUIN,SP45,6263,,,,,,,,,
VI0988,GBABLASSO,SP45,6264,,,,,,,,,
VI0989,GBANGBEGOUINÉ,SP95,6265,,,,,,,,,
VI0990,GOGOUIN,SP45,6266,,,,,,,,,
VI0991,GOUESSESSO,SP45,6267,,,,,,,,,
VI0992,GUEFESSO,SP45,6268,,,,,,,,,
VI0993,GUELEMOU-2,SP177,6269,,,,,,,,,
VI0994,IBAPLEU,SP49,6270,,,,,,,,,
VI0995,KABAKOUMA,SP45,6271,,,,,,,,,
VI0996,KANDOPLEU,SP45,6272,,,,,,,,,
VI0997,KPATA,SP135,6273,,,,,,,,,
VI0998,GBONNÉ,SP100,6274,,,,,,,,,
VI0999,NIÉLÉ,SP100,6275,,,,,,,,,
VI1000,DANANÉ,SP68,6276,,,,,,,,,
VI1001,TROSSAMPLEU,SP68,6277,,,,,,,,,
VI1002,FLAMPLEU,SP68,6278,,,,,,,,,
VI1003,GBOPLEU-CAVALLY,SP144,6279,,,,,,,,,
VI1004,ISSONNEU,SP144,6280,,,,,,,,,
VI1005,KANGUI,SP68,6281,,,,,,,,,
VI1006,KANTA,SP68,6282,,,,,,,,,
VI1007,KEDÉRÉ,SP68,6283,,,,,,,,,
VI1008,KOUAN-HOULEU,SP131,6284,,,,,,,,,
VI1009,NATA,SP144,6285,,,,,,,,,
VI1010,TRON-HOUNIEN,SP180,6286,,,,,,,,,
VI1011,YOPLEU,SP68,6287,,,,,,,,,
VI1012,FACOBLY,SP87,6288,,,,,,,,,
VI1013,KONTROU,SP87,6289,,,,,,,,,
VI1014,SEMIEN,SP181,6290,,,,,,,,,
VI1015,GLOPLOU,SP162,6291,,,,,,,,,
VI1016,GUINGLO,SP133,6292,,,,,,,,,
VI1017,KOUIBLY,SP133,6293,,,,,,,,,
VI1018,DOUELE,SP54,6294,,,,,,,,,
VI1019,GLAEGOUIN,SP145,6295,,,,,,,,,
VI1020,GONGONNOPLEU,SP96,6296,,,,,,,,,
VI1021,GUEUPLEU,SP145,6297,,,,,,,,,
VI1022,KASSIAPLEU,SP145,6298,,,,,,,,,
VI1023,KOUITONGOUINÉ,SP145,6299,,,,,,,,,
VI1024,KPANGOUIN-2,SP145,6300,,,,,,,,,
VI1025,LAGOULALÉ,SP175,6301,,,,,,,,,
VI1026,LOGOUALÉ,SP140,6302,,,,,,,,,
VI1027,MELAPLEU,SP145,6303,,,,,,,,,
VI1028,BOGOUINÉ-2,SP145,6304,,,,,,,,,
VI1029,YORODJUÉ,SP145,6305,,,,,,,,,
VI1030,GOLOUTOUHO,SP163,6306,,,,,,,,,
VI1031,GOUEKRO,SP128,6307,,,,,,,,,
VI1032,KALEGUILÉ,SP128,6308,,,,,,,,,
VI1033,YAGOPELEU,SP128,6309,,,,,,,,,
VI1034,GNINIBA,SP186,6310,,,,,,,,,
VI1035,IBAVILLE,SP186,6311,,,,,,,,,
VI1036,SANGORÉ,SP186,6312,,,,,,,,,
VI1037,BAKANDESSO,SP88,6313,,,,,,,,,
VI1038,BOUNDALA,SP88,6314,,,,,,,,,
VI1039,GOUANA,SP200,6315,,,,,,,,,
VI1040,GOUELA,SP88,6316,,,,,,,,,
VI1041,LAWASSO-2,SP88,6317,,,,,,,,,
VI1042,BOPLEU,SP194,6318,,,,,,,,,
VI1043,GBEPLEU-GNINGLEU,SP220,6319,,,,,,,,,
VI1044,GLANGLEU,SP220,6320,,,,,,,,,
VI1045,LEAMPLEU-GOUALEU,SP194,6321,,,,,,,,,
VI1046,YOUAMPLEU,SP48,6322,,,,,,,,,
VI1047,ZOUAN-HOUNIEN,SP220,6323,,,,,,,,,
VI1048,Cmpt LELE,SP89,6324,,,,,,,,,
VI1049,DASSIOKO,SP89,6325,,,,,,,,,
VI1050,LOULOUDOU,SP89,6326,,,,,,,,,
VI1051,SAMANDOUGOU,SP89,6327,,,,,,,,,
VI1052,ADJAMENE,SP176,6328,,,,,,,,,
VI1053,SISAG,SP176,6329,,,,,,,,,
VI1054,CORRIDOR BEREBY,SP176,6330,,,,,,,,,
VI1055,PONT PODIO,SP176,6331,,,,,,,,,
VI1056,DAGBEGO,SP178,6332,,,,,,,,,
VI1057,CARREFOUR NIANI,SP178,6333,,,,,,,,,
VI1058,GNABOYA,SP62,6334,,,,,,,,,
VI1059,KODAYA,SP62,6335,,,,,,,,,
VI1060,SAGBOYA,SP62,6336,,,,,,,,,
VI1061,NANKOU KOUASSIKRO,SP65,6337,,,,,,,,,
VI1062,CAMP ELEPHANT,SP166,6338,,,,,,,,,
VI1063,CNRA ,SP166,6339,,,,,,,,,
VI1064,KOREYO,SP188,6340,,,,,,,,,
VI1065,YACOLO,SP138,6341,,,,,,,,,
VI1066,ATTIEGOUAKRO,SP33,6342,,,,,,,,,
VI1067,LINGUEBO,SP43,6343,,,,,,,,,
VI1068,NDREKRO,SP43,6344,,,,,,,,,
VI1069,KOUADIO SAKASSOU,SP43,6345,,,,,,,,,
VI1070,GOLIKRO,SP43,6346,,,,,,,,,
VI1071,DEBOUCHARD,SP58,6347,,,,,,,,,
VI1072,SOKROULAY,SP58,6348,,,,,,,,,
VI1073,ABOUAKAKRO2,SP57,6349,,,,,,,,,
VI1074,ASSOUAKRO,SP81,6350,,,,,,,,,
VI1075,ASSINZE,SP81,6351,,,,,,,,,
VI1076,MOLONOU,SP150,6352,,,,,,,,,
VI1077,DUEBO,SP196,6353,,,,,,,,,
VI1078,JEANNOKRO,SP150,6354,,,,,,,,,
VI1079,YADIBIKRO,SP196,6355,,,,,,,,,
VI1080,NDOUKAKRO,SP202,6356,,,,,,,,,
VI1081,ABLIBOLIKRO,SP202,6357,,,,,,,,,
VI1082,BOFREBO,SP202,6358,,,,,,,,,
VI1083,GBONTI,SP208,6359,,,,,,,,,
