SP03,ABENGOUROU,2022-10-09 04:16:04,DP01,666,,,,,,,,
SP04,ABIGUI,2022-10-09 04:16:04,DP23,667,,,,,,,,
SP05,ABOISSO,2022-10-09 04:16:04,DP12,668,,,,,,,,
SP06,ABOISSO-COMOE,2022-10-09 04:16:04,DP08,669,,,,,,,,
SP07,ABONGOUA,2022-10-09 04:16:04,DP19,670,,,,,,,,
SP09,ABOUDE,2022-10-09 04:16:04,DP17,672,,,,,,,,
SP10,ABRADINE,2022-10-09 04:16:04,DP19,673,,,,,,,,
SP100,GBONNÉ,2022-10-09 04:16:04,DP44,763,,,,,,,,
SP101,GD MORIE,2022-10-09 04:16:04,DP17,764,,,,,,,,
SP102,GD ZATTRY,2022-10-09 04:16:04,DP60,765,,,,,,,,
SP103,Gd-LAHOU,2022-10-09 04:16:04,DP10,766,,,,,,,,
SP104,GOBOUE,2022-10-09 04:16:04,DP32,767,,,,,,,,
SP105,GOMON,2022-10-09 04:16:04,DP11,768,,,,,,,,
SP106,GONATE,2022-10-09 04:16:04,DP25,769,,,,,,,,
SP107,GRADO,2022-10-09 04:16:04,DP56,770,,,,,,,,
SP108,GRAND-BEREBY,2022-10-09 04:16:04,DP54,771,,,,,,,,
SP109,GREGBEU,2022-10-09 04:16:04,DP29,772,,,,,,,,
SP11,ADAOU,2022-10-09 04:16:04,DP12,674,,,,,,,,
SP110,GUEHIEBLY,2022-10-09 04:16:04,DP37,773,,,,,,,,
SP111,GUEPAHOUO,2022-10-09 04:16:04,DP42,774,,,,,,,,
SP112,GUESSABO,2022-10-09 04:16:04,DP29,775,,,,,,,,
SP113,GUEYO,2022-10-09 04:16:04,DP58,776,,,,,,,,
SP114,GUEZON,2022-10-09 04:16:04,DP37,777,,,,,,,,
SP115,GUIBEROUA,2022-10-09 04:16:04,DP41,778,,,,,,,,
SP116,GUIGLO,2022-10-09 04:16:04,DP38,779,,,,,,,,
SP117,GUILEHIRY,2022-10-09 04:16:04,DP31,780,,,,,,,,
SP118,GUINTEGUELA,2022-10-09 04:16:04,DP51,781,,,,,,,,
SP119,GUITTRY,2022-10-09 04:16:04,DP31,782,,,,,,,,
SP12,ADIAKE,2022-10-09 04:16:04,DP13,675,,,,,,,,
SP120,IBOGUHE,2022-10-09 04:16:04,DP26,783,,,,,,,,
SP121,ISSIA,2022-10-09 04:16:04,DP26,784,,,,,,,,
SP122,KAGBE,2022-10-09 04:16:04,DP30,785,,,,,,,,
SP123,KAHEN,2022-10-09 04:16:04,DP35,786,,,,,,,,
SP124,KANZRA,2022-10-09 04:16:04,DP66,787,,,,,,,,
SP125,KEIBLY,2022-10-09 04:16:04,DP39,788,,,,,,,,
SP126,KOKOUMBO,2022-10-09 04:16:04,DP64,789,,,,,,,,
SP127,KONONFLA,2022-10-09 04:16:04,DP43,790,,,,,,,,
SP128,KOONAN,2022-10-09 04:16:04,DP49,791,,,,,,,,
SP129,KOSSOU,2022-10-09 04:16:04,DP65,792,,,,,,,,
SP13,ADJOUAN,2022-10-09 04:16:04,DP12,676,,,,,,,,
SP130,KOTOBI,2022-10-09 04:16:04,DP20,793,,,,,,,,
SP131,KOUAN-HOULEU,2022-10-09 04:16:04,DP45,794,,,,,,,,
SP132,KOUETINFLA,2022-10-09 04:16:04,DP43,795,,,,,,,,
SP133,KOUIBLY,2022-10-09 04:16:04,DP47,796,,,,,,,,
SP134,KOUN FAO,2022-10-09 04:16:04,DP04,797,,,,,,,,
SP135,KPATA,2022-10-09 04:16:04,DP44,798,,,,,,,,
SP136,KREGBE,2022-10-09 04:16:04,DP20,799,,,,,,,,
SP137,LAKOTA,2022-10-09 04:16:04,DP32,800,,,,,,,,
SP138,LILIYO,2022-10-09 04:16:04,DP60,801,,,,,,,,
SP139,LOBAKUYA,2022-10-09 04:16:04,DP55,802,,,,,,,,
SP14,ADZOPE,2022-10-09 04:16:04,DP16,677,,,,,,,,
SP140,LOGOUALÉ,2022-10-09 04:16:04,DP48,803,,,,,,,,
SP141,LOPOU,2022-10-09 04:16:04,DP09,804,,,,,,,,
SP142,LOVIGUIE,2022-10-09 04:16:04,DP17,805,,,,,,,,
SP143,MAFERE,2022-10-09 04:16:04,DP12,806,,,,,,,,
SP144,MAHAPLEU,2022-10-09 04:16:04,DP45,807,,,,,,,,
SP145,MAN,2022-10-09 04:16:04,DP48,808,,,,,,,,
SP147,MBATTO ,2022-10-09 04:16:04,DP24,810,,,,,,,,
SP148,MEAGUI,2022-10-09 04:16:04,DP59,811,,,,,,,,
SP149,MEO,2022-10-09 04:16:04,DP40,812,,,,,,,,
SP15,AFFERY,2022-10-09 04:16:04,DP18,678,,,,,,,,
SP150,MOLONOU,2022-10-09 04:16:04,DP68,813,,,,,,,,
SP151,NAMANE,2022-10-09 04:16:04,DP26,814,,,,,,,,
SP152,NEKO,2022-10-09 04:16:04,DP32,815,,,,,,,,
SP153,NEKO-TIEGBA,2022-10-09 04:16:04,DP32,816,,,,,,,,
SP154,NGATTAKRO,2022-10-09 04:16:04,DP22,817,,,,,,,,
SP155,NGUESSANKRO,2022-10-09 04:16:04,DP21,818,,,,,,,,
SP156,NIABLE,2022-10-09 04:16:04,DP01,819,,,,,,,,
SP157,NOE,2022-10-09 04:16:04,DP15,820,,,,,,,,
SP158,OGHLWAPO,2022-10-09 04:16:04,DP08,821,,,,,,,,
SP159,OGOUDOU,2022-10-09 04:16:04,DP32,822,,,,,,,,
SP16,AGBOVILLE,2022-10-09 04:16:04,DP17,679,,,,,,,,
SP160,OKROUYO,2022-10-09 04:16:04,DP60,823,,,,,,,,
SP161,ORESS-KROBOU,2022-10-09 04:16:04,DP17,824,,,,,,,,
SP162,OUABLY-GNONDROU,2022-10-09 04:16:04,DP47,825,,,,,,,,
SP163,OUANINOU,2022-10-09 04:16:04,DP49,826,,,,,,,,
SP164,OUELLE,2022-10-09 04:16:04,DP22,827,,,,,,,,
SP165,OUME,2022-10-09 04:16:04,DP42,828,,,,,,,,
SP166,OUPOYO,2022-10-09 04:16:04,DP59,829,,,,,,,,
SP167,OURAGAHIO,2022-10-09 04:16:04,DP41,830,,,,,,,,
SP168,PAKOUABO,2022-10-09 04:16:04,DP62,831,,,,,,,,
SP169,PARA,2022-10-09 04:16:04,DP56,832,,,,,,,,
SP17,AGNIBILEKROU,2022-10-09 04:16:04,DP02,680,,,,,,,,
SP170,PEHE,2022-10-09 04:16:04,DP40,833,,,,,,,,
SP171,PODIAGOUINÉ,2022-10-09 04:16:04,DP48,834,,,,,,,,
SP172,RUBINO,2022-10-09 04:16:04,DP17,835,,,,,,,,
SP173,SAGO,2022-10-09 04:16:04,DP55,836,,,,,,,,
SP174,SAIOUA,2022-10-09 04:16:04,DP26,837,,,,,,,,
SP175,SANGOUINÉ,2022-10-09 04:16:04,DP48,838,,,,,,,,
SP176,SAN-PEDRO,2022-10-09 04:16:04,DP54,839,,,,,,,,
SP177,SANTA,2022-10-09 04:16:04,DP44,840,,,,,,,,
SP178,SASSANDRA,2022-10-09 04:16:04,DP55,841,,,,,,,,
SP179,SEHITIFLA,2022-10-09 04:16:04,DP28,842,,,,,,,,
SP18,AGOU,2022-10-09 04:16:04,DP16,681,,,,,,,,
SP180,SEILEU,2022-10-09 04:16:04,DP45,843,,,,,,,,
SP181,SEMIEN,2022-10-09 04:16:04,DP46,844,,,,,,,,
SP182,SERIHIO,2022-10-09 04:16:04,DP41,845,,,,,,,,
SP183,SIFIE,2022-10-09 04:16:04,DP27,846,,,,,,,,
SP184,SIKENSI,2022-10-09 04:16:04,DP11,847,,,,,,,,
SP185,SINFRA,2022-10-09 04:16:04,DP43,848,,,,,,,,
SP186,SIPILOU,2022-10-09 04:16:04,DP50,849,,,,,,,,
SP187,SONGON,2022-10-09 04:16:04,DP07,850,,,,,,,,
SP188,SOUBRE,2022-10-09 04:16:04,DP60,851,,,,,,,,
SP189,TAABO,2022-10-09 04:16:04,DP33,852,,,,,,,,
SP19,AHOUANOU,2022-10-09 04:16:04,DP10,682,,,,,,,,
SP190,TAÏ,2022-10-09 04:16:04,DP39,853,,,,,,,,
SP191,TANDA,2022-10-09 04:16:04,DP05,854,,,,,,,,
SP192,TANKESSE,2022-10-09 04:16:04,DP04,855,,,,,,,,
SP193,TAPEGUIA,2022-10-09 04:16:04,DP26,856,,,,,,,,
SP194,TEAPLEU,2022-10-09 04:16:04,DP52,857,,,,,,,,
SP195,TIASSALE,2022-10-09 04:16:04,DP34,858,,,,,,,,
SP196,TIEBISSOU,2022-10-09 04:16:04,DP68,859,,,,,,,,
SP197,TIEMELEKRO,2022-10-09 04:16:04,DP24,860,,,,,,,,
SP198,TINHOU,2022-10-09 04:16:04,DP36,861,,,,,,,,
SP199,TONLA,2022-10-09 04:16:04,DP42,862,,,,,,,,
SP20,AKOBOUASSUE,2022-10-09 04:16:04,DP02,683,,,,,,,,
SP200,TOUBA,2022-10-09 04:16:04,DP51,863,,,,,,,,
SP201,TOULEPLEU,2022-10-09 04:16:04,DP40,864,,,,,,,,
SP202,TOUMODI,2022-10-09 04:16:04,DP64,865,,,,,,,,
SP203,TOUPAH,2022-10-09 04:16:04,DP09,866,,,,,,,,
SP204,TRANSUA,2022-10-09 04:16:04,DP06,867,,,,,,,,
SP205,VAVOUA,2022-10-09 04:16:04,DP28,868,,,,,,,,
SP206,YAKASSE-ATTOBROU,2022-10-09 04:16:04,DP19,869,,,,,,,,
SP207,YAKASSE-FEYASSE,2022-10-09 04:16:04,DP01,870,,,,,,,,
SP208,YAMOUSSOUKRO,2022-10-09 04:16:04,DP65,871,,,,,,,,
SP209,YAOU,2022-10-09 04:16:04,DP12,872,,,,,,,,
SP21,AKOUPE,2022-10-09 04:16:04,DP18,684,,,,,,,,
SP210,YAPLEU,2022-10-09 04:16:04,DP48,873,,,,,,,,
SP211,YORODOUGOU,2022-10-09 04:16:04,DP50,874,,,,,,,,
SP212,ZAGNE,2022-10-09 04:16:04,DP38,875,,,,,,,,
SP213,ZAGUIETTA,2022-10-09 04:16:04,DP62,876,,,,,,,,
SP214,ZANZRA,2022-10-09 04:16:04,DP66,877,,,,,,,,
SP215,ZEAGLO,2022-10-09 04:16:04,DP36,878,,,,,,,,
SP216,ZEO,2022-10-09 04:16:04,DP35,879,,,,,,,,
SP217,ZIKISSO,2022-10-09 04:16:04,DP32,880,,,,,,,,
SP218,ZIOGOUINÉ,2022-10-09 04:16:04,DP48,881,,,,,,,,
SP219,ZOU,2022-10-09 04:16:04,DP35,882,,,,,,,,
SP22,ALEPE,2022-10-09 04:16:04,DP08,685,,,,,,,,
SP220,ZOUAN-HOUNIEN,2022-10-09 04:16:04,DP52,883,,,,,,,,
SP221,ZOUENOULA,2022-10-09 04:16:04,DP66,884,,,,,,,,
SP222,ZOUKOUGBEU,2022-10-09 04:16:04,DP29,885,,,,,,,,
SP23,ALLOSSO,2022-10-09 04:16:04,DP08,686,,,,,,,,
SP24,AMELEKIA,2022-10-09 04:16:04,DP01,687,,,,,,,,
SP25,ANDE,2022-10-09 04:16:04,DP21,688,,,,,,,,
SP26,ANIASSUE,2022-10-09 04:16:04,DP01,689,,,,,,,,
SP27,ANYAMA,2022-10-09 04:16:04,DP07,690,,,,,,,,
SP28,ARRAH,2022-10-09 04:16:04,DP20,691,,,,,,,,
SP29,ASSAHARA,2022-10-09 04:16:04,DP24,692,,,,,,,,
SP30,ASSIE KOUMASSI,2022-10-09 04:16:04,DP21,693,,,,,,,,
SP31,ASSIKOI,2022-10-09 04:16:04,DP16,694,,,,,,,,
SP32,ATOUTOU A,2022-10-09 04:16:04,DP09,695,,,,,,,,
SP33,ATTIEGOUAKRO,2022-10-09 04:16:04,DP61,696,,,,,,,,
SP34,AYAME,2022-10-09 04:16:04,DP12,697,,,,,,,,
SP35,BAGOHOUO,2022-10-09 04:16:04,DP37,698,,,,,,,,
SP36,BANGOLO,2022-10-09 04:16:04,DP35,699,,,,,,,,
SP37,BAYOTA,2022-10-09 04:16:04,DP41,700,,,,,,,,
SP38,BAZRA NATIS,2022-10-09 04:16:04,DP28,701,,,,,,,,
SP39,BAZRE,2022-10-09 04:16:04,DP43,702,,,,,,,,
SP41,BECOUEFIN ,2022-10-09 04:16:04,DP18,704,,,,,,,,
SP42,BEDIALA,2022-10-09 04:16:04,DP25,705,,,,,,,,
SP43,BEOUMI,2022-10-09 04:16:04,DP67,706,,,,,,,,
SP44,BETTIE,2022-10-09 04:16:04,DP03,707,,,,,,,,
SP45,BIANKOUMA,2022-10-09 04:16:04,DP44,708,,,,,,,,
SP46,BIEBY,2022-10-09 04:16:04,DP19,709,,,,,,,,
SP48,BIN-HOUYE,2022-10-09 04:16:04,DP52,711,,,,,,,,
SP49,BLAPLEU,2022-10-09 04:16:04,DP44,712,,,,,,,,
SP50,BLENIMINHOUIN,2022-10-09 04:16:04,DP35,713,,,,,,,,
SP51,BLOLEQUIN,2022-10-09 04:16:04,DP36,714,,,,,,,,
SP52,BOGOUINÉ,2022-10-09 04:16:04,DP48,715,,,,,,,,
SP53,BOGUEDIA,2022-10-09 04:16:04,DP26,716,,,,,,,,
SP54,BOGUINE,2022-10-09 04:16:04,DP48,717,,,,,,,,
SP55,BONGO,2022-10-09 04:16:04,DP14,718,,,,,,,,
SP56,BONGOUANOU,2022-10-09 04:16:04,DP21,719,,,,,,,,
SP57,BONIKRO,2022-10-09 04:16:04,DP63,720,,,,,,,,
SP58,BONON,2022-10-09 04:16:04,DP62,721,,,,,,,,
SP59,BONOUA,2022-10-09 04:16:04,DP14,722,,,,,,,,
SP60,BOUAFLE,2022-10-09 04:16:04,DP62,723,,,,,,,,
SP61,BROFODOUME,2022-10-09 04:16:04,DP07,724,,,,,,,,
SP62,BUYO,2022-10-09 04:16:04,DP57,725,,,,,,,,
SP63,CECHI,2022-10-09 04:16:04,DP17,726,,,,,,,,
SP64,DABOU,2022-10-09 04:16:04,DP09,727,,,,,,,,
SP65,DABOUYO,2022-10-09 04:16:04,DP58,728,,,,,,,,
SP66,DALOA,2022-10-09 04:16:04,DP25,729,,,,,,,,
SP67,DAME,2022-10-09 04:16:04,DP02,730,,,,,,,,
SP68,DANANÉ,2022-10-09 04:16:04,DP45,731,,,,,,,,
SP69,DANGUIRA,2022-10-09 04:16:04,DP08,732,,,,,,,,
SP70,DANIA,2022-10-09 04:16:04,DP28,733,,,,,,,,
SP71,DAOUKRO,2022-10-09 04:16:04,DP22,734,,,,,,,,
SP72,DATTA,2022-10-09 04:16:04,DP30,735,,,,,,,,
SP73,DIAMARAKRO,2022-10-09 04:16:04,DP03,736,,,,,,,,
SP74,DIANGOBO,2022-10-09 04:16:04,DP19,737,,,,,,,,
SP75,DIDOKO,2022-10-09 04:16:04,DP30,738,,,,,,,,
SP76,DIEGONEFLA,2022-10-09 04:16:04,DP42,739,,,,,,,,
SP77,DIEOUZON,2022-10-09 04:16:04,DP35,740,,,,,,,,
SP78,DIMBOKRO,2022-10-09 04:16:04,DP23,741,,,,,,,,
SP79,DIVO,2022-10-09 04:16:04,DP30,742,,,,,,,,
SP80,DJANGOKRO,2022-10-09 04:16:04,DP23,743,,,,,,,,
SP81,DJEKANOU,2022-10-09 04:16:04,DP63,744,,,,,,,,
SP82,DJOUROUTOU,2022-10-09 04:16:04,DP56,745,,,,,,,,
SP83,DOBA,2022-10-09 04:16:04,DP54,746,,,,,,,,
SP84,DUEKOUE,2022-10-09 04:16:04,DP37,747,,,,,,,,
SP85,EBILASSOKRO,2022-10-09 04:16:04,DP03,748,,,,,,,,
SP86,EBOUNOU,2022-10-09 04:16:04,DP10,749,,,,,,,,
SP87,FACOBLY,2022-10-09 04:16:04,DP46,750,,,,,,,,
SP88,FOUNGBESSO,2022-10-09 04:16:04,DP51,751,,,,,,,,
SP89,FRESCO,2022-10-09 04:16:04,DP53,752,,,,,,,,
SP90,GABIADJI,2022-10-09 04:16:04,DP54,753,,,,,,,,
SP91,GADOUAN,2022-10-09 04:16:04,DP25,754,,,,,,,,
SP92,GAGNOA,2022-10-09 04:16:04,DP41,755,,,,,,,,
SP93,GALEBRE,2022-10-09 04:16:04,DP41,756,,,,,,,,
SP94,GBAGBAM,2022-10-09 04:16:04,DP53,757,,,,,,,,
SP95,GBANGBÉGOUINÉ,2022-10-09 04:16:04,DP44,758,,,,,,,,
SP96,GBANGBEGOUINÉ-YATI,2022-10-09 04:16:04,DP48,759,,,,,,,,
SP97,GBAPLEU,2022-10-09 04:16:04,DP37,760,,,,,,,,
SP99,GBOGUHE ,2022-10-09 04:16:04,DP25,762,,,,,,,,
